d,Date,sigla_acao,nome_acao,preco_abertura,preco_max,preco_minimo,preco_fechamento,Volume_negocios
0,2020-03-23,ITUB4,ITAUUNIBANCO,22.26,22.49,20,20.52,53457900
1,2020-03-24,ITUB4,ITAUUNIBANCO,21.7,23.28,21.5,22.5,51467700
2,2020-03-25,ITUB4,ITAUUNIBANCO,22.23,24.73,22.01,23.6,43889700
3,2020-03-26,ITUB4,ITAUUNIBANCO,24.23,24.82,23.72,24.25,50777700
4,2020-03-27,ITUB4,ITAUUNIBANCO,23.02,24.02,22.51,22.97,41981300
5,2020-03-30,ITUB4,ITAUUNIBANCO,23.11,24.39,22.83,24.11,30225500
6,2020-03-31,ITUB4,ITAUUNIBANCO,23.95,24.25,22.81,23.09,40625200
7,2020-04-01,ITUB4,ITAUUNIBANCO,22.22,22.38,21.19,21.4,44343800
8,2020-04-02,ITUB4,ITAUUNIBANCO,21.38,22,21.15,21.5,39156300
9,2020-04-03,ITUB4,ITAUUNIBANCO,21.42,21.48,20.01,20.66,37393100
10,2020-04-06,ITUB4,ITAUUNIBANCO,22.14,22.68,21.89,22.18,39305700
11,2020-04-07,ITUB4,ITAUUNIBANCO,23.5,23.88,22.92,23,38049700
12,2020-04-08,ITUB4,ITAUUNIBANCO,23.01,24.39,22.94,24.18,40947000
13,2020-04-09,ITUB4,ITAUUNIBANCO,24.46,24.7,23.5,23.5,37307000
14,2020-04-13,ITUB4,ITAUUNIBANCO,23.45,24,23.02,24,21602700
15,2020-04-14,ITUB4,ITAUUNIBANCO,24.46,25.15,24.3,24.3,33766100
16,2020-04-15,ITUB4,ITAUUNIBANCO,23.85,24.48,23.37,23.4,34845100
17,2020-04-16,ITUB4,ITAUUNIBANCO,23.7,23.82,22.8,22.81,31071300
18,2020-04-17,ITUB4,ITAUUNIBANCO,23.44,23.61,22.61,23.22,25164100
19,2020-04-20,ITUB4,ITAUUNIBANCO,22.72,22.97,22.5,22.64,28583800
20,2020-04-22,ITUB4,ITAUUNIBANCO,22.4,23.13,22.21,22.37,48051200
21,2020-04-23,ITUB4,ITAUUNIBANCO,22.66,22.74,21.84,22.05,41455100
22,2020-04-24,ITUB4,ITAUUNIBANCO,21.74,21.82,20.37,20.88,68819700
23,2020-04-27,ITUB4,ITAUUNIBANCO,21.54,22.14,21.1,21.57,38416700
24,2020-04-28,ITUB4,ITAUUNIBANCO,22.98,23.61,22.59,23.35,58267500
25,2020-04-29,ITUB4,ITAUUNIBANCO,24,24.12,23.16,23.66,31532100
26,2020-04-30,ITUB4,ITAUUNIBANCO,22.59,23.33,22.46,22.77,46293100
27,2020-05-04,ITUB4,ITAUUNIBANCO,21.95,22.09,21.78,21.89,32042300
28,2020-05-05,ITUB4,ITAUUNIBANCO,22.2,23.37,21.91,22.7,51925500
29,2020-05-06,ITUB4,ITAUUNIBANCO,22.6,22.78,22,22.24,29178900
30,2020-05-07,ITUB4,ITAUUNIBANCO,22.38,22.48,21.13,21.44,52200500
31,2020-05-08,ITUB4,ITAUUNIBANCO,22.02,22.77,21.9,22.32,35745100
32,2020-05-11,ITUB4,ITAUUNIBANCO,22.17,23.03,22.17,22.38,38216500
33,2020-05-12,ITUB4,ITAUUNIBANCO,22.51,22.66,21.59,21.61,43248200
34,2020-05-13,ITUB4,ITAUUNIBANCO,21.74,21.94,21.2,21.6,34711100
35,2020-05-14,ITUB4,ITAUUNIBANCO,21.31,22.59,20.73,22.55,61771700
36,2020-05-15,ITUB4,ITAUUNIBANCO,22.5,22.77,21.63,21.63,37767500
37,2020-05-18,ITUB4,ITAUUNIBANCO,22.45,22.94,22.01,22.67,49600900
38,2020-05-19,ITUB4,ITAUUNIBANCO,22.63,22.72,21.61,21.69,40881800
39,2020-05-20,ITUB4,ITAUUNIBANCO,21.93,21.95,21.36,21.6,41396000
40,2020-05-21,ITUB4,ITAUUNIBANCO,21.72,22.84,21.71,22.84,60803900
41,2020-05-22,ITUB4,ITAUUNIBANCO,22.6,23.35,22.21,22.96,51255200
42,2020-05-25,ITUB4,ITAUUNIBANCO,23.91,24.19,23.39,23.96,28158200
43,2020-05-26,ITUB4,ITAUUNIBANCO,24.33,24.42,22.86,23.01,53066900
44,2020-05-27,ITUB4,ITAUUNIBANCO,23.64,23.73,23.16,23.73,36440100
45,2020-05-28,ITUB4,ITAUUNIBANCO,23.49,24.05,23.31,23.31,23918500
46,2020-05-29,ITUB4,ITAUUNIBANCO,23.18,23.3,22.71,23.04,53968500
47,2020-06-01,ITUB4,ITAUUNIBANCO,22.83,23.85,22.7,23.66,39221300
48,2020-06-02,ITUB4,ITAUUNIBANCO,24,25.3,23.83,25.25,57810700
49,2020-06-03,ITUB4,ITAUUNIBANCO,26.3,26.77,25.8,25.92,58718200
50,2020-06-04,ITUB4,ITAUUNIBANCO,25.77,26.83,25.48,26.67,44336600
51,2020-06-05,ITUB4,ITAUUNIBANCO,28.16,28.7,27.18,27.26,64665500
52,2020-06-08,ITUB4,ITAUUNIBANCO,27.61,28.48,27.51,28.36,31763300
53,2020-06-09,ITUB4,ITAUUNIBANCO,27.57,28.24,27.26,27.8,51638000
54,2020-06-10,ITUB4,ITAUUNIBANCO,28.11,28.17,26.48,26.59,49244800
55,2020-06-12,ITUB4,ITAUUNIBANCO,25.91,26.37,25.62,26.06,54204000
56,2020-06-15,ITUB4,ITAUUNIBANCO,25.1,25.99,25.03,25.45,37413100
57,2020-06-16,ITUB4,ITAUUNIBANCO,26.5,26.57,25.7,26.18,38011200
58,2020-06-17,ITUB4,ITAUUNIBANCO,26.18,26.94,26.15,26.51,35792100
59,2020-06-18,ITUB4,ITAUUNIBANCO,26.5,27.91,26.32,27.55,53971500
60,2020-06-19,ITUB4,ITAUUNIBANCO,28.1,28.24,27.58,28.09,62091700
61,2020-06-22,ITUB4,ITAUUNIBANCO,28.04,28.24,26.91,27.22,29284200
62,2020-06-23,ITUB4,ITAUUNIBANCO,27.7,27.75,26.56,26.86,59605500
63,2020-06-24,ITUB4,ITAUUNIBANCO,26.79,26.92,25.6,25.84,57364300
64,2020-06-25,ITUB4,ITAUUNIBANCO,26.03,26.33,25.51,26.15,46375100
65,2020-06-26,ITUB4,ITAUUNIBANCO,25.71,26.22,25.54,25.71,39663400
66,2020-06-29,ITUB4,ITAUUNIBANCO,25.9,26.52,25.75,26.48,30767300
67,2020-06-30,ITUB4,ITAUUNIBANCO,26.22,26.31,25.45,25.45,45729200
68,2020-07-01,ITUB4,ITAUUNIBANCO,25.6,26.21,25.54,26.1,39135400
69,2020-07-02,ITUB4,ITAUUNIBANCO,26.5,27.25,26.41,26.55,41598300
70,2020-07-03,ITUB4,ITAUUNIBANCO,26.39,26.69,26.2,26.5,10241400
71,2020-07-06,ITUB4,ITAUUNIBANCO,27.12,27.85,26.85,27.73,29369300
72,2020-07-07,ITUB4,ITAUUNIBANCO,27.43,27.71,26.32,26.37,64917300
73,2020-07-08,ITUB4,ITAUUNIBANCO,26.65,27.07,26.5,26.94,33988600
74,2020-07-10,ITUB4,ITAUUNIBANCO,26.95,27.31,26.62,27.2,24056400
75,2020-07-13,ITUB4,ITAUUNIBANCO,27.45,27.55,26.8,26.8,24781700
76,2020-07-14,ITUB4,ITAUUNIBANCO,26.75,27.42,26.44,27.25,28445300
77,2020-07-15,ITUB4,ITAUUNIBANCO,27.54,27.8,27.07,27.44,31952200
78,2020-07-16,ITUB4,ITAUUNIBANCO,27.17,27.32,26.92,26.98,19476200
79,2020-07-17,ITUB4,ITAUUNIBANCO,27.11,27.4,27,27.22,32460900
80,2020-07-20,ITUB4,ITAUUNIBANCO,27.25,27.53,26.96,27.3,28731700
81,2020-07-21,ITUB4,ITAUUNIBANCO,27.6,28.04,27.36,27.78,37090400
82,2020-07-22,ITUB4,ITAUUNIBANCO,27.85,27.85,26.77,27.07,45613600
83,2020-07-23,ITUB4,ITAUUNIBANCO,27.1,27.14,26.46,26.5,29315400
84,2020-07-24,ITUB4,ITAUUNIBANCO,26.35,26.88,26.11,26.47,30196700
85,2020-07-27,ITUB4,ITAUUNIBANCO,26.63,27.92,26.54,27.8,49462200
86,2020-07-28,ITUB4,ITAUUNIBANCO,27.72,28.26,27.52,27.64,23778800
87,2020-07-29,ITUB4,ITAUUNIBANCO,28.15,28.49,27.88,28.29,27162200
88,2020-07-30,ITUB4,ITAUUNIBANCO,27.87,28.23,27.42,27.81,29092900
89,2020-07-31,ITUB4,ITAUUNIBANCO,27.94,27.98,26.79,26.89,30880200
90,2020-08-03,ITUB4,ITAUUNIBANCO,27.1,27.71,26.5,27.28,33197100
91,2020-08-04,ITUB4,ITAUUNIBANCO,26.25,26.69,25.41,25.69,79805400
92,2020-08-05,ITUB4,ITAUUNIBANCO,26.15,26.3,25.36,25.67,49930400
93,2020-08-06,ITUB4,ITAUUNIBANCO,25.7,26.3,25.41,26.03,29915600
94,2020-08-07,ITUB4,ITAUUNIBANCO,25.63,26.45,25.4,25.48,66608400
95,2020-08-10,ITUB4,ITAUUNIBANCO,25.52,26.08,25.41,25.81,30106100
96,2020-08-11,ITUB4,ITAUUNIBANCO,26.12,26.29,25.51,25.51,26227500
97,2020-08-12,ITUB4,ITAUUNIBANCO,25.69,25.86,24.91,25.22,49561800
98,2020-08-13,ITUB4,ITAUUNIBANCO,25.46,25.55,24.5,24.5,40945900
99,2020-08-14,ITUB4,ITAUUNIBANCO,24.57,25.21,24.37,24.73,30640600
100,2020-08-17,ITUB4,ITAUUNIBANCO,24.72,24.75,23.85,24.14,37792600
101,2020-08-18,ITUB4,ITAUUNIBANCO,24.62,24.64,24.05,24.24,41973500
102,2020-08-19,ITUB4,ITAUUNIBANCO,24.32,24.42,24.02,24.12,27450600
103,2020-08-20,ITUB4,ITAUUNIBANCO,23.7,24.24,23.54,24.12,33264500
104,2020-08-21,ITUB4,ITAUUNIBANCO,23.91,24.24,23.81,24.08,23749000
105,2020-08-24,ITUB4,ITAUUNIBANCO,24.25,24.83,24.23,24.48,33449000
106,2020-08-25,ITUB4,ITAUUNIBANCO,24.64,24.7,24.12,24.3,32007000
107,2020-08-26,ITUB4,ITAUUNIBANCO,24.3,24.36,23.51,23.79,30643300
108,2020-08-27,ITUB4,ITAUUNIBANCO,23.89,24.5,23.8,24.18,35293000
109,2020-08-28,ITUB4,ITAUUNIBANCO,24.3,24.56,24.15,24.43,56136100
110,2020-08-31,ITUB4,ITAUUNIBANCO,24.17,24.29,23.55,23.55,45045400
111,2020-09-01,ITUB4,ITAUUNIBANCO,23.87,24.34,23.73,24.34,56182800
112,2020-09-02,ITUB4,ITAUUNIBANCO,24.35,24.45,23.9,24.29,25170900
113,2020-09-03,ITUB4,ITAUUNIBANCO,24.2,25.5,24.16,24.88,81001700
114,2020-09-04,ITUB4,ITAUUNIBANCO,25.16,25.29,24.55,24.96,41679900
115,2020-09-08,ITUB4,ITAUUNIBANCO,24.56,24.77,24.27,24.4,29238000
116,2020-09-09,ITUB4,ITAUUNIBANCO,24.6,24.81,24.16,24.43,29670800
117,2020-09-10,ITUB4,ITAUUNIBANCO,24.4,24.66,23.9,23.91,36321500
118,2020-09-11,ITUB4,ITAUUNIBANCO,23.95,24.07,23.43,23.63,23347700
119,2020-09-14,ITUB4,ITAUUNIBANCO,23.79,24.22,23.32,24.05,43488900
120,2020-09-15,ITUB4,ITAUUNIBANCO,24.17,24.23,23.6,23.73,29225600
121,2020-09-16,ITUB4,ITAUUNIBANCO,23.76,24.22,23.64,23.66,25625200
122,2020-09-17,ITUB4,ITAUUNIBANCO,23.5,23.83,23.39,23.69,25068700
123,2020-09-18,ITUB4,ITAUUNIBANCO,23.5,23.62,23.03,23.1,39088400
124,2020-09-21,ITUB4,ITAUUNIBANCO,22.75,23.02,22.45,22.9,36572200
125,2020-09-22,ITUB4,ITAUUNIBANCO,22.85,23.31,22.76,23.1,27268300
126,2020-09-23,ITUB4,ITAUUNIBANCO,22.92,23.13,22.47,22.48,24621300
127,2020-09-24,ITUB4,ITAUUNIBANCO,22.5,23.34,22.42,23.03,40036100
128,2020-09-25,ITUB4,ITAUUNIBANCO,22.81,22.98,22.62,22.91,21771300
129,2020-09-28,ITUB4,ITAUUNIBANCO,23.25,23.9,22.58,22.9,58336100
130,2020-09-29,ITUB4,ITAUUNIBANCO,22.9,22.91,22.3,22.4,27102100
131,2020-09-30,ITUB4,ITAUUNIBANCO,22.58,22.69,22.37,22.5,22314900
132,2020-10-01,ITUB4,ITAUUNIBANCO,22.55,22.6,22.18,22.52,20474100
133,2020-10-02,ITUB4,ITAUUNIBANCO,22.36,23.32,22.34,22.59,35482000
134,2020-10-05,ITUB4,ITAUUNIBANCO,22.72,23.01,22.34,22.83,22837500
135,2020-10-06,ITUB4,ITAUUNIBANCO,23.09,23.38,22.71,22.87,21135900
136,2020-10-07,ITUB4,ITAUUNIBANCO,22.93,23,22.57,22.7,22796100
137,2020-10-08,ITUB4,ITAUUNIBANCO,22.72,24.28,22.6,24.07,63209400
138,2020-10-09,ITUB4,ITAUUNIBANCO,23.9,24.61,23.59,24,48948600
139,2020-10-13,ITUB4,ITAUUNIBANCO,23.98,24.13,23.62,23.77,31012000
140,2020-10-14,ITUB4,ITAUUNIBANCO,23.89,23.97,23.66,23.7,22051900
141,2020-10-15,ITUB4,ITAUUNIBANCO,23.46,23.73,23.26,23.49,21805300
142,2020-10-16,ITUB4,ITAUUNIBANCO,23.41,23.45,23.09,23.11,21261200
143,2020-10-19,ITUB4,ITAUUNIBANCO,23.25,23.95,22.94,23.36,38280600
144,2020-10-20,ITUB4,ITAUUNIBANCO,23.52,24.4,23.5,24.29,45724900
145,2020-10-21,ITUB4,ITAUUNIBANCO,24.26,24.94,24.07,24.51,38138400
146,2020-10-22,ITUB4,ITAUUNIBANCO,24.57,25.92,24.55,25.77,66456800
147,2020-10-23,ITUB4,ITAUUNIBANCO,25.9,26.3,25.41,25.44,50548200
148,2020-10-26,ITUB4,ITAUUNIBANCO,25.3,25.86,25.16,25.62,32133100
149,2020-10-27,ITUB4,ITAUUNIBANCO,26.1,26.17,24.69,24.89,47280100
150,2020-10-28,ITUB4,ITAUUNIBANCO,24.25,24.42,23.73,23.78,38652600
151,2020-10-29,ITUB4,ITAUUNIBANCO,23.58,24.04,23.04,23.9,42962500
152,2020-10-30,ITUB4,ITAUUNIBANCO,23.65,23.93,23.23,23.48,39190000
153,2020-11-03,ITUB4,ITAUUNIBANCO,23.9,24.32,23.71,24.04,37440300
154,2020-11-04,ITUB4,ITAUUNIBANCO,25.5,25.74,24.87,25,96994100
155,2020-11-05,ITUB4,ITAUUNIBANCO,25.51,25.94,25.41,25.59,44134800
156,2020-11-06,ITUB4,ITAUUNIBANCO,25.35,25.82,25.26,25.56,31827000
157,2020-11-09,ITUB4,ITAUUNIBANCO,26.74,28.02,26.74,27.63,100112100
158,2020-11-10,ITUB4,ITAUUNIBANCO,27.65,29.15,27.65,28.88,85146900
159,2020-11-11,ITUB4,ITAUUNIBANCO,28.76,29,28.21,28.64,61520200
160,2020-11-12,ITUB4,ITAUUNIBANCO,28.42,28.85,27.59,27.94,46072600
161,2020-11-13,ITUB4,ITAUUNIBANCO,28.17,28.6,27.99,28.47,36847800
162,2020-11-16,ITUB4,ITAUUNIBANCO,29.02,29.59,28.9,29.47,54007200
163,2020-11-17,ITUB4,ITAUUNIBANCO,29.37,29.61,28.9,29.49,40598300
164,2020-11-18,ITUB4,ITAUUNIBANCO,29.43,29.57,28.71,28.77,41345800
165,2020-11-19,ITUB4,ITAUUNIBANCO,28.9,29.4,28.67,28.81,26638900
166,2020-11-20,ITUB4,ITAUUNIBANCO,28.72,28.98,28.39,28.55,18239100
167,2020-11-23,ITUB4,ITAUUNIBANCO,28.85,29.21,28.73,28.9,27575800
168,2020-11-24,ITUB4,ITAUUNIBANCO,29.1,30.18,29.1,29.71,47660000
169,2020-11-25,ITUB4,ITAUUNIBANCO,29.62,29.79,28.93,29.36,42232200
170,2020-11-26,ITUB4,ITAUUNIBANCO,29.29,29.34,28.62,28.74,30682100
171,2020-11-27,ITUB4,ITAUUNIBANCO,29.05,29.79,28.9,28.96,44145000
172,2020-11-30,ITUB4,ITAUUNIBANCO,28.97,29.2,28.56,28.56,59889300
173,2020-12-01,ITUB4,ITAUUNIBANCO,29.05,30.47,28.94,29.75,51364700
174,2020-12-02,ITUB4,ITAUUNIBANCO,29.92,30.24,29.44,29.98,32159500
175,2020-12-03,ITUB4,ITAUUNIBANCO,30.14,30.88,29.9,29.96,39887800
176,2020-12-04,ITUB4,ITAUUNIBANCO,30.22,30.41,29.65,30.26,35096600
177,2020-12-07,ITUB4,ITAUUNIBANCO,30.25,31.06,30.03,30.44,30663100
178,2020-12-08,ITUB4,ITAUUNIBANCO,30.44,31.13,30.19,30.36,27834200
179,2020-12-09,ITUB4,ITAUUNIBANCO,30.39,30.74,30.29,30.54,31583600
180,2020-12-10,ITUB4,ITAUUNIBANCO,30.76,31.72,30.76,31.55,50472900
181,2020-12-11,ITUB4,ITAUUNIBANCO,31.17,31.48,30.81,31.3,24005000
182,2020-12-14,ITUB4,ITAUUNIBANCO,31.47,31.63,30.88,30.88,26750300
183,2020-12-15,ITUB4,ITAUUNIBANCO,30.97,31.4,30.97,31.16,25053800
184,2020-12-16,ITUB4,ITAUUNIBANCO,31.24,32.18,31.02,31.75,41207900
185,2020-12-17,ITUB4,ITAUUNIBANCO,31.89,32.15,31.57,31.71,17861500
186,2020-12-18,ITUB4,ITAUUNIBANCO,31.72,32.12,31.51,31.66,31714100
187,2020-12-21,ITUB4,ITAUUNIBANCO,31.05,31.5,30.91,31.1,23462800
188,2020-12-22,ITUB4,ITAUUNIBANCO,31.17,31.65,31.15,31.25,19659000
189,2020-12-23,ITUB4,ITAUUNIBANCO,31.32,32.05,31.27,31.94,19959200
190,2020-12-28,ITUB4,ITAUUNIBANCO,32.22,32.43,32.01,32.17,15444600
191,2020-12-29,ITUB4,ITAUUNIBANCO,32.27,32.39,31.93,32.1,16384200
192,2020-12-30,ITUB4,ITAUUNIBANCO,32.2,32.33,31.63,31.63,25644400
193,2021-01-04,ITUB4,ITAUUNIBANCO,31.98,31.99,30.84,30.9,31347800
194,2021-01-05,ITUB4,ITAUUNIBANCO,30.73,31.06,30.17,30.7,28249800
195,2021-01-06,ITUB4,ITAUUNIBANCO,30.98,32.06,30.79,31.6,43061900
196,2021-01-07,ITUB4,ITAUUNIBANCO,31.65,33.06,31.5,32.83,46129800
197,2021-01-08,ITUB4,ITAUUNIBANCO,32.93,33.44,32.43,32.82,52532500
198,2021-01-11,ITUB4,ITAUUNIBANCO,32.47,32.7,31.72,32.08,31564300
199,2021-01-12,ITUB4,ITAUUNIBANCO,32.18,32.45,32.02,32.18,33089300
200,2021-01-13,ITUB4,ITAUUNIBANCO,32.18,32.53,31.26,31.65,42722600
201,2021-01-14,ITUB4,ITAUUNIBANCO,32.02,32.94,31.67,32.59,28222500
202,2021-01-15,ITUB4,ITAUUNIBANCO,32.05,32.39,31.35,31.36,37757100
203,2021-01-18,ITUB4,ITAUUNIBANCO,31.66,31.93,31.14,31.2,18922800
204,2021-01-19,ITUB4,ITAUUNIBANCO,31.49,31.61,30.55,30.83,27206000
205,2021-01-20,ITUB4,ITAUUNIBANCO,31.05,31.1,30.11,30.32,28992500
206,2021-01-21,ITUB4,ITAUUNIBANCO,30.32,30.46,29.65,29.91,34671600
207,2021-01-22,ITUB4,ITAUUNIBANCO,29.25,29.47,28.98,29.27,36801600
208,2021-01-26,ITUB4,ITAUUNIBANCO,28.99,29.85,28.14,28.25,50992800
209,2021-01-27,ITUB4,ITAUUNIBANCO,28.11,28.99,27.86,28.25,37141800
210,2021-01-28,ITUB4,ITAUUNIBANCO,28.29,29.63,28.23,29.39,52028200
211,2021-01-29,ITUB4,ITAUUNIBANCO,29.22,29.55,28.29,28.34,46309700
212,2021-02-01,ITUB4,ITAUUNIBANCO,29,29.42,28.74,29.08,46368000
213,2021-02-02,ITUB4,ITAUUNIBANCO,29.08,29.3,28,28.46,100327800
214,2021-02-03,ITUB4,ITAUUNIBANCO,28.76,28.9,28.21,28.32,41438600
215,2021-02-04,ITUB4,ITAUUNIBANCO,28.53,28.56,27.88,28.2,65454600
216,2021-02-05,ITUB4,ITAUUNIBANCO,28.31,28.45,27.89,28.08,39293900
217,2021-02-08,ITUB4,ITAUUNIBANCO,28,28.2,27.51,27.56,28937500
218,2021-02-09,ITUB4,ITAUUNIBANCO,27.49,28.41,27.23,27.89,37756700
219,2021-02-10,ITUB4,ITAUUNIBANCO,27.9,28.19,27.38,27.69,28662100
220,2021-02-11,ITUB4,ITAUUNIBANCO,27.99,28.13,27.5,27.69,22401600
221,2021-02-12,ITUB4,ITAUUNIBANCO,27.53,28.1,27.4,27.76,24866200
222,2021-02-17,ITUB4,ITAUUNIBANCO,27.8,28.28,27.64,28.11,24638700
223,2021-02-18,ITUB4,ITAUUNIBANCO,27.92,28.5,27.81,27.91,49322800
224,2021-02-19,ITUB4,ITAUUNIBANCO,27.89,28.2,27.34,27.62,26924200
225,2021-02-22,ITUB4,ITAUUNIBANCO,26.55,26.61,25.53,25.61,86487800
226,2021-02-23,ITUB4,ITAUUNIBANCO,25.91,27.43,25.85,27.25,76464200
227,2021-02-24,ITUB4,ITAUUNIBANCO,27.43,27.52,26.61,26.85,35645700
228,2021-02-25,ITUB4,ITAUUNIBANCO,26.9,27.06,25.98,26.01,40973600
229,2021-02-26,ITUB4,ITAUUNIBANCO,26.2,26.39,25.51,25.55,48297700
230,2021-03-01,ITUB4,ITAUUNIBANCO,25.9,25.97,24.77,24.77,45127500
231,2021-03-02,ITUB4,ITAUUNIBANCO,24.33,26.32,23.92,25.77,66482700
232,2021-03-03,ITUB4,ITAUUNIBANCO,25.77,26.29,24.82,25.83,61550400
233,2021-03-04,ITUB4,ITAUUNIBANCO,26.02,27.1,25.93,26.64,65736300
234,2021-03-05,ITUB4,ITAUUNIBANCO,26.73,27.82,26.52,27.63,77661000
235,2021-03-08,ITUB4,ITAUUNIBANCO,26.9,27.98,26.56,26.75,57142300
236,2021-03-09,ITUB4,ITAUUNIBANCO,26.62,27.56,26.35,27.12,37490800
237,2021-03-10,ITUB4,ITAUUNIBANCO,27.11,27.49,26.61,27.32,37352800
238,2021-03-11,ITUB4,ITAUUNIBANCO,27.6,27.88,26.98,27.36,34540300
239,2021-03-12,ITUB4,ITAUUNIBANCO,27.15,27.51,27.06,27.18,24567200
240,2021-03-15,ITUB4,ITAUUNIBANCO,27.15,27.59,26.98,27.5,28090600
241,2021-03-16,ITUB4,ITAUUNIBANCO,27.51,27.54,26.61,26.94,21884500
242,2021-03-17,ITUB4,ITAUUNIBANCO,26.86,28.05,26.77,27.99,35985200
243,2021-03-18,ITUB4,ITAUUNIBANCO,27.93,28.72,27.84,28.15,45807400
244,2021-03-19,ITUB4,ITAUUNIBANCO,28.24,28.58,27.75,28.21,47304400
245,2021-03-22,ITUB4,ITAUUNIBANCO,27.99,28.38,27.5,28.37,35786900
246,2021-03-23,ITUB4,ITAUUNIBANCO,28,28.52,27.64,27.65,31711800
247,2021-03-24,ITUB4,ITAUUNIBANCO,27.64,27.8,27.17,27.17,40122800
248,2021-03-25,ITUB4,ITAUUNIBANCO,27,27.68,26.87,27.65,52053100
249,2021-03-26,ITUB4,ITAUUNIBANCO,27.52,28.11,27.49,28.07,32750100
250,2021-03-29,ITUB4,ITAUUNIBANCO,28.12,28.21,27.6,28.06,22923100
251,2021-03-30,ITUB4,ITAUUNIBANCO,27.84,28.55,27.83,28.52,23847400
252,2021-03-31,ITUB4,ITAUUNIBANCO,28.31,28.48,27.68,27.97,29378800
253,2021-04-01,ITUB4,ITAUUNIBANCO,28.13,28.13,27.1,27.1,31836900
254,2021-04-05,ITUB4,ITAUUNIBANCO,27.36,27.59,27.12,27.45,23995000
255,2021-04-06,ITUB4,ITAUUNIBANCO,27.5,27.63,26.95,27.13,23168000
256,2021-04-07,ITUB4,ITAUUNIBANCO,27.02,27.35,26.65,26.89,31284100
257,2021-04-08,ITUB4,ITAUUNIBANCO,27.01,27.1,26.67,26.68,26652700
258,2021-04-09,ITUB4,ITAUUNIBANCO,26.53,26.99,26.5,26.64,20504500
259,2021-04-12,ITUB4,ITAUUNIBANCO,26.8,27.3,26.77,27.3,24813400
260,2021-04-13,ITUB4,ITAUUNIBANCO,27.17,27.44,26.88,27.29,26934900
261,2021-04-14,ITUB4,ITAUUNIBANCO,27.36,28.09,27.05,27.64,40581300
262,2021-04-15,ITUB4,ITAUUNIBANCO,27.66,28.08,27.39,27.64,29917000
263,2021-04-16,ITUB4,ITAUUNIBANCO,27.49,28.1,27.49,27.95,20136000
264,2021-04-19,ITUB4,ITAUUNIBANCO,27.88,27.96,27.45,27.53,26973900
265,2021-04-20,ITUB4,ITAUUNIBANCO,27.41,27.78,27.27,27.39,19792500
266,2021-04-22,ITUB4,ITAUUNIBANCO,27.53,27.72,27.23,27.4,24220800
267,2021-04-23,ITUB4,ITAUUNIBANCO,27.45,27.9,27.4,27.53,17174900
268,2021-04-26,ITUB4,ITAUUNIBANCO,27.67,27.85,27.28,27.51,20442000
269,2021-04-27,ITUB4,ITAUUNIBANCO,27.47,27.75,27.02,27.09,29713600
270,2021-04-28,ITUB4,ITAUUNIBANCO,27.52,28.3,27.44,28.21,37513600
271,2021-04-29,ITUB4,ITAUUNIBANCO,28.18,28.35,27.27,27.32,33511100
272,2021-04-30,ITUB4,ITAUUNIBANCO,27.18,27.59,26.95,27.53,42539200
273,2021-05-03,ITUB4,ITAUUNIBANCO,27.7,28.19,27.58,27.9,41463400
274,2021-05-04,ITUB4,ITAUUNIBANCO,28.1,28.35,26.65,26.71,79002100
275,2021-05-05,ITUB4,ITAUUNIBANCO,26.9,27.65,26.52,27.47,50182400
276,2021-05-06,ITUB4,ITAUUNIBANCO,27.36,27.62,27.09,27.3,23845200
277,2021-05-07,ITUB4,ITAUUNIBANCO,27.41,27.7,27.24,27.63,26703800
278,2021-05-10,ITUB4,ITAUUNIBANCO,27.67,28.24,27.52,28.04,28715900
279,2021-05-11,ITUB4,ITAUUNIBANCO,27.74,28.16,27.72,27.98,25272400
280,2021-05-12,ITUB4,ITAUUNIBANCO,27.7,27.8,27.38,27.57,23034800
281,2021-05-13,ITUB4,ITAUUNIBANCO,27.61,28.57,27.57,28.37,42686200
282,2021-05-14,ITUB4,ITAUUNIBANCO,28.66,29.18,28.34,29,44637100
283,2021-05-17,ITUB4,ITAUUNIBANCO,28.87,29.03,28.37,28.98,37180600
284,2021-05-18,ITUB4,ITAUUNIBANCO,28.8,29.25,28.68,28.92,26439800
285,2021-05-19,ITUB4,ITAUUNIBANCO,28.53,29.24,28.2,29.13,26461500
286,2021-05-20,ITUB4,ITAUUNIBANCO,29.19,29.72,29.06,29.29,32111400
287,2021-05-21,ITUB4,ITAUUNIBANCO,29.33,29.48,28.94,29.43,27919700
288,2021-05-24,ITUB4,ITAUUNIBANCO,29.52,29.6,29.2,29.35,25091900
289,2021-05-25,ITUB4,ITAUUNIBANCO,29.32,29.38,28.78,29,33649100
290,2021-05-26,ITUB4,ITAUUNIBANCO,29.08,29.57,29.08,29.4,20999700
291,2021-05-27,ITUB4,ITAUUNIBANCO,29.4,29.5,28.87,29.15,59860400
292,2021-05-28,ITUB4,ITAUUNIBANCO,29.06,29.74,29,29.63,26468600
293,2021-05-31,ITUB4,ITAUUNIBANCO,29.67,29.93,29.39,29.54,15501900
294,2021-06-01,ITUB4,ITAUUNIBANCO,29.84,30.6,29.8,30.6,43165200
295,2021-06-02,ITUB4,ITAUUNIBANCO,30.65,31.79,30.63,31.62,56648000
296,2021-06-04,ITUB4,ITAUUNIBANCO,31.57,32.38,31.44,32.28,36832100
297,2021-06-07,ITUB4,ITAUUNIBANCO,32.28,33.18,31.87,33.04,59585000
298,2021-06-08,ITUB4,ITAUUNIBANCO,32.82,33.15,32.26,32.81,72167300
299,2021-06-09,ITUB4,ITAUUNIBANCO,32.67,34.19,32.42,33.26,89627300
300,2021-06-10,ITUB4,ITAUUNIBANCO,33.6,33.88,32.92,33.14,49940800
301,2021-06-11,ITUB4,ITAUUNIBANCO,33.04,33.15,32.36,32.75,23126500
302,2021-06-14,ITUB4,ITAUUNIBANCO,32.94,33.06,32.36,32.64,23747300
303,2021-06-15,ITUB4,ITAUUNIBANCO,32.76,32.83,32.29,32.64,17613100
304,2021-06-16,ITUB4,ITAUUNIBANCO,32.68,33.61,32.45,33.29,66958500
305,2021-06-17,ITUB4,ITAUUNIBANCO,33.66,34.34,32.86,32.9,49540100
306,2021-06-18,ITUB4,ITAUUNIBANCO,32.75,32.97,32.08,32.3,41130700
307,2021-06-21,ITUB4,ITAUUNIBANCO,32.22,32.74,32.06,32.45,27364900
308,2021-06-22,ITUB4,ITAUUNIBANCO,32.23,32.46,31.81,32.03,40653500
309,2021-06-23,ITUB4,ITAUUNIBANCO,32.05,32.62,31.65,31.8,28558100
310,2021-06-24,ITUB4,ITAUUNIBANCO,32.17,32.2,31.48,31.81,23777500
311,2021-06-25,ITUB4,ITAUUNIBANCO,31.98,32.13,30.61,30.8,38927900
312,2021-06-28,ITUB4,ITAUUNIBANCO,30.84,30.9,30.05,30.45,36032900
313,2021-06-29,ITUB4,ITAUUNIBANCO,30.26,30.44,29.83,30.15,30557500
314,2021-06-30,ITUB4,ITAUUNIBANCO,30,30.27,29.77,29.8,22510200
315,2021-07-01,ITUB4,ITAUUNIBANCO,29.79,29.98,29.32,29.69,20278100
316,2021-07-02,ITUB4,ITAUUNIBANCO,29.88,30.1,29.57,30.01,25225100
317,2021-07-05,ITUB4,ITAUUNIBANCO,29.72,29.86,29.55,29.6,12179100
318,2021-07-06,ITUB4,ITAUUNIBANCO,29.48,29.73,29.23,29.55,24371300
319,2021-07-07,ITUB4,ITAUUNIBANCO,29.58,29.94,29.15,29.68,39191100
320,2021-07-08,ITUB4,ITAUUNIBANCO,29.15,29.67,28.96,29.29,49065400
321,2021-07-12,ITUB4,ITAUUNIBANCO,29.4,30,29.32,29.69,26954500
322,2021-07-13,ITUB4,ITAUUNIBANCO,29.5,30.03,29.16,29.87,31499300
323,2021-07-14,ITUB4,ITAUUNIBANCO,30.2,30.85,29.82,29.91,42592500
324,2021-07-15,ITUB4,ITAUUNIBANCO,29.86,30.07,29.38,29.55,22644000
325,2021-07-16,ITUB4,ITAUUNIBANCO,29.77,29.79,29.02,29.07,19077100
326,2021-07-19,ITUB4,ITAUUNIBANCO,28.7,29.09,28.61,28.9,34469500
327,2021-07-20,ITUB4,ITAUUNIBANCO,28.77,29.47,28.62,29.28,26342200
328,2021-07-21,ITUB4,ITAUUNIBANCO,29.26,29.66,29.23,29.4,13405500
329,2021-07-22,ITUB4,ITAUUNIBANCO,29.42,29.52,28.95,29.1,17234100
330,2021-07-23,ITUB4,ITAUUNIBANCO,29.21,29.33,28.8,29.02,16757800
331,2021-07-26,ITUB4,ITAUUNIBANCO,29.08,29.74,29.08,29.53,24167700
332,2021-07-27,ITUB4,ITAUUNIBANCO,29.5,30.02,29.33,29.82,36435400
333,2021-07-28,ITUB4,ITAUUNIBANCO,30.15,31.22,30.1,30.79,69662900
334,2021-07-29,ITUB4,ITAUUNIBANCO,30.88,30.98,30.3,30.63,23202200
335,2021-07-30,ITUB4,ITAUUNIBANCO,30.4,31.09,30.06,30.3,42493300
336,2021-08-02,ITUB4,ITAUUNIBANCO,30.8,31.51,30.47,30.47,37416300
337,2021-08-03,ITUB4,ITAUUNIBANCO,31.4,31.43,30.16,30.77,55037000
338,2021-08-04,ITUB4,ITAUUNIBANCO,30.58,30.73,29.83,29.91,50529100
339,2021-08-05,ITUB4,ITAUUNIBANCO,30.2,30.57,29.7,30,49399100
340,2021-08-06,ITUB4,ITAUUNIBANCO,30.12,31.04,29.95,30.84,33292000
341,2021-08-09,ITUB4,ITAUUNIBANCO,30.77,31.43,30.77,31.2,33921300
342,2021-08-10,ITUB4,ITAUUNIBANCO,31.16,31.17,30.57,30.61,31725300
343,2021-08-11,ITUB4,ITAUUNIBANCO,30.4,31.29,30.14,30.95,34840600
344,2021-08-12,ITUB4,ITAUUNIBANCO,30.84,31.09,30.37,30.37,27312600
345,2021-08-13,ITUB4,ITAUUNIBANCO,30.42,30.94,30.12,30.78,30203200
346,2021-08-16,ITUB4,ITAUUNIBANCO,30.66,31.16,30.27,30.34,35738200
347,2021-08-17,ITUB4,ITAUUNIBANCO,30.31,30.58,29.74,30.23,38899100
348,2021-08-18,ITUB4,ITAUUNIBANCO,30.12,31.12,30.01,30.29,47476800
349,2021-08-19,ITUB4,ITAUUNIBANCO,29.9,30.83,29.65,29.9,39790600
350,2021-08-20,ITUB4,ITAUUNIBANCO,29.6,29.93,29.2,29.79,34702500
351,2021-08-23,ITUB4,ITAUUNIBANCO,29.86,30.23,29.78,30.11,21529700
352,2021-08-24,ITUB4,ITAUUNIBANCO,30.25,31.01,30.24,30.95,30154700
353,2021-08-25,ITUB4,ITAUUNIBANCO,30.75,31.05,30.52,30.99,17524300
354,2021-08-26,ITUB4,ITAUUNIBANCO,30.9,30.94,30.17,30.24,35118800
355,2021-08-27,ITUB4,ITAUUNIBANCO,30.42,30.86,30.1,30.76,22271200
356,2021-08-30,ITUB4,ITAUUNIBANCO,30.69,30.8,30.34,30.54,18801900
357,2021-08-31,ITUB4,ITAUUNIBANCO,30.63,31.27,30.53,30.94,43607500
358,2021-09-01,ITUB4,ITAUUNIBANCO,31.06,31.63,31,31.06,28784500
359,2021-09-02,ITUB4,ITAUUNIBANCO,30.89,30.9,29.78,29.94,32547700
360,2021-09-03,ITUB4,ITAUUNIBANCO,30.13,30.16,29.27,29.77,49622700
361,2021-09-06,ITUB4,ITAUUNIBANCO,29.67,30.27,29.62,30.15,27219900
362,2021-09-08,ITUB4,ITAUUNIBANCO,30.04,30.1,28.57,28.72,47958400
363,2021-09-09,ITUB4,ITAUUNIBANCO,28.96,29.51,28.36,29.1,55695500
364,2021-09-10,ITUB4,ITAUUNIBANCO,29.5,29.66,28.59,28.81,36019500
365,2021-09-13,ITUB4,ITAUUNIBANCO,29.33,29.42,28.95,29.17,31072900
366,2021-09-14,ITUB4,ITAUUNIBANCO,29.1,29.36,28.9,28.99,24181000
367,2021-09-15,ITUB4,ITAUUNIBANCO,29.05,29.07,28.52,28.52,26397500
368,2021-09-16,ITUB4,ITAUUNIBANCO,28.32,28.66,28.16,28.5,46425000
369,2021-09-17,ITUB4,ITAUUNIBANCO,28.47,28.5,27.82,27.82,43619900
370,2021-09-20,ITUB4,ITAUUNIBANCO,27.3,27.63,26.86,27.19,44012200
371,2021-09-21,ITUB4,ITAUUNIBANCO,27.32,27.55,27.07,27.12,33572600
372,2021-09-22,ITUB4,ITAUUNIBANCO,27.33,27.99,27.3,27.75,38718500
373,2021-09-23,ITUB4,ITAUUNIBANCO,27.93,28.95,27.81,28.71,50259600
374,2021-09-24,ITUB4,ITAUUNIBANCO,28.5,28.68,28.27,28.31,41393800
375,2021-09-27,ITUB4,ITAUUNIBANCO,28.43,29.33,28.03,29.05,58432500
376,2021-09-28,ITUB4,ITAUUNIBANCO,28.92,29.61,28.37,28.39,61226700
377,2021-09-29,ITUB4,ITAUUNIBANCO,28.65,28.97,28.39,28.9,52461900
378,2021-09-30,ITUB4,ITAUUNIBANCO,29.09,29.23,28.7,28.93,41797700
379,2021-10-01,ITUB4,ITAUUNIBANCO,29.12,29.87,28.94,29.67,42812200
380,2021-10-04,ITUB4,ITAUUNIBANCO,24.75,24.81,23.84,24.34,58942600
381,2021-10-05,ITUB4,ITAUUNIBANCO,24.6,25.38,24.34,24.93,49202600
382,2021-10-06,ITUB4,ITAUUNIBANCO,24.55,25.13,24.36,25.01,39050500
383,2021-10-07,ITUB4,ITAUUNIBANCO,25.13,25.25,24.4,24.48,38428000
384,2021-10-08,ITUB4,ITAUUNIBANCO,24.66,25.35,24.63,24.66,48636500
385,2021-10-11,ITUB4,ITAUUNIBANCO,24.58,24.81,24.22,24.23,42764400
386,2021-10-13,ITUB4,ITAUUNIBANCO,24.3,24.45,23.78,24.26,42242200
387,2021-10-14,ITUB4,ITAUUNIBANCO,24.43,24.61,23.84,24.14,36886900
388,2021-10-15,ITUB4,ITAUUNIBANCO,24.22,24.87,24.08,24.76,52518600
389,2021-10-18,ITUB4,ITAUUNIBANCO,24.58,25.05,24.37,24.93,28756800
390,2021-10-19,ITUB4,ITAUUNIBANCO,24.7,24.79,24.17,24.34,42116700
391,2021-10-20,ITUB4,ITAUUNIBANCO,24.55,25.05,24.31,24.99,37764100
392,2021-10-21,ITUB4,ITAUUNIBANCO,24.38,25.15,24.12,24.48,70701600
393,2021-10-22,ITUB4,ITAUUNIBANCO,24.12,24.27,22.91,23.54,93446400
394,2021-10-25,ITUB4,ITAUUNIBANCO,23.67,24.3,23.67,24,39732200
395,2021-10-26,ITUB4,ITAUUNIBANCO,23.69,23.99,23.48,23.74,28745800
396,2021-10-27,ITUB4,ITAUUNIBANCO,23.88,24.44,23.78,23.92,29516500
397,2021-10-28,ITUB4,ITAUUNIBANCO,23.67,23.98,23.38,23.87,36802600
398,2021-10-29,ITUB4,ITAUUNIBANCO,23.94,24.14,23.3,23.31,35245900
399,2021-11-01,ITUB4,ITAUUNIBANCO,23.71,24.37,23.65,24.22,35470800
400,2021-11-03,ITUB4,ITAUUNIBANCO,24.01,24.87,24.01,24.45,62011400
401,2021-11-04,ITUB4,ITAUUNIBANCO,24.48,24.73,23.02,23.16,71651200
402,2021-11-05,ITUB4,ITAUUNIBANCO,23.5,23.55,22.54,22.88,111622600
403,2021-11-08,ITUB4,ITAUUNIBANCO,22.8,23.18,22.63,22.76,33205400
404,2021-11-09,ITUB4,ITAUUNIBANCO,22.86,23.19,22.38,22.53,43458100
405,2021-11-10,ITUB4,ITAUUNIBANCO,22.53,23.53,22.42,23.1,47919300
406,2021-11-11,ITUB4,ITAUUNIBANCO,23.43,23.47,22.82,23.05,39667400
407,2021-11-12,ITUB4,ITAUUNIBANCO,23.03,23.4,22.76,23,36761000
408,2021-11-16,ITUB4,ITAUUNIBANCO,23.08,23.41,22.56,22.76,24725500
409,2021-11-17,ITUB4,ITAUUNIBANCO,22.93,23.18,22.66,22.85,29841500
410,2021-11-18,ITUB4,ITAUUNIBANCO,22.81,22.97,22.19,22.47,33246500
411,2021-11-19,ITUB4,ITAUUNIBANCO,22.4,22.48,22.09,22.28,28907700
412,2021-11-22,ITUB4,ITAUUNIBANCO,22.01,22.48,21.88,22.07,27953500
413,2021-11-23,ITUB4,ITAUUNIBANCO,22.25,22.44,21.91,22.44,38629100
414,2021-11-24,ITUB4,ITAUUNIBANCO,22.21,23.17,22.14,23.04,46131500
415,2021-11-25,ITUB4,ITAUUNIBANCO,23.1,23.49,23.05,23.25,17767700
416,2021-11-26,ITUB4,ITAUUNIBANCO,22.76,22.96,22.48,22.81,32284000
417,2021-11-29,ITUB4,ITAUUNIBANCO,23.07,23.19,22.6,22.66,33714000
418,2021-11-30,ITUB4,ITAUUNIBANCO,22.68,22.75,22.05,22.38,61042700
419,2021-12-01,ITUB4,ITAUUNIBANCO,22.56,22.92,22.2,22.22,23849300
420,2021-12-02,ITUB4,ITAUUNIBANCO,22.44,23.16,22.34,23.06,31354000
421,2021-12-03,ITUB4,ITAUUNIBANCO,22.97,23.6,22.82,22.98,35504500
422,2021-12-06,ITUB4,ITAUUNIBANCO,23.1,23.77,23,23.25,37250600
423,2021-12-07,ITUB4,ITAUUNIBANCO,23.62,23.64,22.8,22.96,30697500
424,2021-12-08,ITUB4,ITAUUNIBANCO,23.09,23.14,22.45,22.74,37934300
425,2021-12-09,ITUB4,ITAUUNIBANCO,22.78,22.79,21.95,22.13,27963900
426,2021-12-10,ITUB4,ITAUUNIBANCO,22.28,22.43,21.87,22.16,20695800
427,2021-12-13,ITUB4,ITAUUNIBANCO,22.2,22.42,21.57,21.57,48532100
428,2021-12-14,ITUB4,ITAUUNIBANCO,21.76,22.16,21.68,21.78,31477500
429,2021-12-15,ITUB4,ITAUUNIBANCO,21.91,21.97,21.38,21.71,31720900
430,2021-12-16,ITUB4,ITAUUNIBANCO,21.9,21.96,21.57,21.93,25157900
431,2021-12-17,ITUB4,ITAUUNIBANCO,21.63,21.85,21.32,21.45,35280000
432,2021-12-20,ITUB4,ITAUUNIBANCO,21.48,21.49,20.91,21.12,22342400
433,2021-12-21,ITUB4,ITAUUNIBANCO,21.19,21.31,21.03,21.15,24891800
434,2021-12-22,ITUB4,ITAUUNIBANCO,21.23,21.31,20.97,21.23,18091300
435,2021-12-23,ITUB4,ITAUUNIBANCO,21.33,21.57,21.17,21.34,22377000
436,2021-12-27,ITUB4,ITAUUNIBANCO,21.48,21.7,21.31,21.56,14025800
437,2021-12-28,ITUB4,ITAUUNIBANCO,21.63,21.7,21.4,21.48,15294200
438,2021-12-29,ITUB4,ITAUUNIBANCO,21.53,21.58,21.23,21.3,12856100
439,2021-12-30,ITUB4,ITAUUNIBANCO,21.44,21.44,20.95,20.95,39997300
440,2022-01-03,ITUB4,ITAUUNIBANCO,21.17,21.81,21.09,21.51,32852900
441,2022-01-04,ITUB4,ITAUUNIBANCO,21.62,22.18,21.43,22.12,43948600
442,2022-01-05,ITUB4,ITAUUNIBANCO,22.09,22.22,21.53,21.7,31642900
443,2022-01-06,ITUB4,ITAUUNIBANCO,21.64,22.24,21.52,22.14,35855900
444,2022-01-07,ITUB4,ITAUUNIBANCO,22.09,22.65,21.88,22.63,42886300
445,2022-01-10,ITUB4,ITAUUNIBANCO,22.57,22.88,22.31,22.84,41593900
446,2022-01-11,ITUB4,ITAUUNIBANCO,22.79,23.35,22.7,23.35,55923800
447,2022-01-12,ITUB4,ITAUUNIBANCO,23.26,23.5,22.93,23.25,41687000
448,2022-01-13,ITUB4,ITAUUNIBANCO,23.09,23.82,23.05,23.68,43414600
449,2022-01-14,ITUB4,ITAUUNIBANCO,23.57,23.85,23.41,23.5,29923100
450,2022-01-17,ITUB4,ITAUUNIBANCO,23.46,23.75,23.15,23.5,17607200
451,2022-01-18,ITUB4,ITAUUNIBANCO,23.39,23.96,23.27,23.64,43591400
452,2022-01-19,ITUB4,ITAUUNIBANCO,23.82,24.08,23.4,23.48,30925300
453,2022-01-20,ITUB4,ITAUUNIBANCO,23.54,23.67,23.18,23.29,25941700
454,2022-01-21,ITUB4,ITAUUNIBANCO,23.18,23.65,23.12,23.3,37666700
455,2022-01-24,ITUB4,ITAUUNIBANCO,23.35,23.55,22.87,23.27,39648100
456,2022-01-25,ITUB4,ITAUUNIBANCO,23.06,24.15,23,24.11,39351600
457,2022-01-26,ITUB4,ITAUUNIBANCO,24.33,24.5,23.81,24.37,55882300
458,2022-01-27,ITUB4,ITAUUNIBANCO,24.49,24.92,24.2,24.49,41544700
459,2022-01-28,ITUB4,ITAUUNIBANCO,24.16,24.81,24.13,24.79,29444700
460,2022-01-31,ITUB4,ITAUUNIBANCO,24.67,25.51,24.52,25.33,44244800
461,2022-02-01,ITUB4,ITAUUNIBANCO,25.29,25.69,25.18,25.49,28772200
462,2022-02-02,ITUB4,ITAUUNIBANCO,25.47,25.51,24.92,25.09,34506100
463,2022-02-03,ITUB4,ITAUUNIBANCO,25.2,25.53,24.71,25.38,41713800
464,2022-02-04,ITUB4,ITAUUNIBANCO,25.24,25.76,25.2,25.46,34593900
465,2022-02-07,ITUB4,ITAUUNIBANCO,25.45,25.55,25.23,25.32,23095300
466,2022-02-08,ITUB4,ITAUUNIBANCO,25.28,25.72,25.03,25.6,37333900
467,2022-02-09,ITUB4,ITAUUNIBANCO,24.95,25.41,24.57,24.58,89075400
468,2022-02-10,ITUB4,ITAUUNIBANCO,24.55,25.31,24.46,25.05,60312100
469,2022-02-11,ITUB4,ITAUUNIBANCO,26.35,27,26.17,26.53,160669900
470,2022-02-14,ITUB4,ITAUUNIBANCO,26.6,26.69,26.27,26.47,37990400
471,2022-02-15,ITUB4,ITAUUNIBANCO,26.8,26.9,26.5,26.72,29422800
472,2022-02-16,ITUB4,ITAUUNIBANCO,26.78,26.87,26.38,26.44,39195100
473,2022-02-17,ITUB4,ITAUUNIBANCO,26.4,26.48,25.96,26.07,33710600
474,2022-02-18,ITUB4,ITAUUNIBANCO,26.22,26.55,26.06,26.17,26411900
475,2022-02-21,ITUB4,ITAUUNIBANCO,26.23,26.28,25.23,25.53,22419500
476,2022-02-22,ITUB4,ITAUUNIBANCO,25.75,26.14,25.49,25.75,30290000
477,2022-02-23,ITUB4,ITAUUNIBANCO,25.77,26.08,25.33,25.39,22512000
478,2022-02-24,ITUB4,ITAUUNIBANCO,24.75,25.13,24.34,24.96,44033200
479,2022-02-25,ITUB4,ITAUUNIBANCO,24.87,25.5,24.81,25.47,38897100
480,2022-03-02,ITUB4,ITAUUNIBANCO,25.17,25.41,24.91,25.03,32470700
481,2022-03-03,ITUB4,ITAUUNIBANCO,25.04,25.85,24.7,25.05,44542900
482,2022-03-04,ITUB4,ITAUUNIBANCO,25.07,25.13,24.28,24.67,30335300
483,2022-03-07,ITUB4,ITAUUNIBANCO,24.27,24.45,24.02,24.14,52861500
484,2022-03-08,ITUB4,ITAUUNIBANCO,24.23,24.46,23.79,23.91,43482500
485,2022-03-09,ITUB4,ITAUUNIBANCO,24.21,25.31,24.16,25.1,51596800
486,2022-03-10,ITUB4,ITAUUNIBANCO,24.74,25.12,24.48,25.12,29614400
487,2022-03-11,ITUB4,ITAUUNIBANCO,25.23,25.59,24.78,24.84,42938400
488,2022-03-14,ITUB4,ITAUUNIBANCO,25.02,25.54,25.01,25.19,32010100
489,2022-03-15,ITUB4,ITAUUNIBANCO,25.11,25.44,24.7,25.1,36823300
490,2022-03-16,ITUB4,ITAUUNIBANCO,25.35,25.66,25.14,25.59,40371600
491,2022-03-17,ITUB4,ITAUUNIBANCO,25.64,26.19,25.46,26.15,43343500
492,2022-03-18,ITUB4,ITAUUNIBANCO,26.09,26.6,26.07,26.34,64791300
493,2022-03-21,ITUB4,ITAUUNIBANCO,26.44,27.09,26.36,26.99,35962600
494,2022-03-22,ITUB4,ITAUUNIBANCO,27.2,27.53,27.1,27.36,36841300
495,2022-03-23,ITUB4,ITAUUNIBANCO,27.39,27.64,27.17,27.24,27002700
496,2022-03-24,ITUB4,ITAUUNIBANCO,27.33,27.73,27.23,27.42,47516300
497,2022-03-25,ITUB4,ITAUUNIBANCO,27.52,27.52,27.13,27.47,32076700
498,2022-03-28,ITUB4,ITAUUNIBANCO,27.54,27.71,27.12,27.45,21545700
499,2022-03-29,ITUB4,ITAUUNIBANCO,27.71,28.08,27.39,27.77,29866600
500,2022-03-30,ITUB4,ITAUUNIBANCO,27.84,27.96,27.52,27.83,32984400
501,2022-03-31,ITUB4,ITAUUNIBANCO,27.88,28,27.29,27.48,40900900
502,2022-04-01,ITUB4,ITAUUNIBANCO,27.7,27.88,27.33,27.54,40154500
503,2022-04-04,ITUB4,ITAUUNIBANCO,27.45,27.51,27.02,27.29,25127700
504,2022-04-05,ITUB4,ITAUUNIBANCO,27.23,27.27,26.62,26.74,36756100
505,2022-04-06,ITUB4,ITAUUNIBANCO,26.57,26.91,26.46,26.73,33712300
506,2022-04-07,ITUB4,ITAUUNIBANCO,26.51,26.76,26.41,26.71,23594000
507,2022-04-08,ITUB4,ITAUUNIBANCO,26.56,26.9,26.41,26.66,26169900
508,2022-04-11,ITUB4,ITAUUNIBANCO,26.6,26.73,26.44,26.56,27257100
509,2022-04-12,ITUB4,ITAUUNIBANCO,26.8,26.9,26.01,26.09,29830700
510,2022-04-13,ITUB4,ITAUUNIBANCO,26.28,26.54,25.97,26.16,33866300
511,2022-04-14,ITUB4,ITAUUNIBANCO,26.07,26.47,26.01,26.33,23626400
512,2022-04-18,ITUB4,ITAUUNIBANCO,26.24,26.56,26.21,26.48,21008600
513,2022-04-19,ITUB4,ITAUUNIBANCO,26.52,26.61,25.75,26.01,34452800
514,2022-04-20,ITUB4,ITAUUNIBANCO,26.02,26.25,25.86,26.18,25141300
515,2022-04-22,ITUB4,ITAUUNIBANCO,25.9,26.02,25.46,25.67,30691800
516,2022-04-25,ITUB4,ITAUUNIBANCO,25.5,25.65,25.09,25.57,37319000
517,2022-04-26,ITUB4,ITAUUNIBANCO,25.26,25.5,24.65,24.7,42222700
518,2022-04-27,ITUB4,ITAUUNIBANCO,24.99,25.1,24.4,24.5,24438200
519,2022-04-28,ITUB4,ITAUUNIBANCO,24.51,24.59,24.06,24.3,36337300
520,2022-04-29,ITUB4,ITAUUNIBANCO,24.46,24.95,23.87,23.87,44972900
521,2022-05-02,ITUB4,ITAUUNIBANCO,23.87,24.08,23.44,23.75,39307400
522,2022-05-03,ITUB4,ITAUUNIBANCO,23.8,24.16,23.68,23.87,26213300
523,2022-05-04,ITUB4,ITAUUNIBANCO,23.76,23.84,23.4,23.84,47436400
524,2022-05-05,ITUB4,ITAUUNIBANCO,23.59,23.59,22.9,23.29,40419500
525,2022-05-06,ITUB4,ITAUUNIBANCO,23.28,24.22,23.27,23.79,60450700
526,2022-05-09,ITUB4,ITAUUNIBANCO,23.74,23.9,23.01,23.45,56328300
527,2022-05-10,ITUB4,ITAUUNIBANCO,23.59,23.74,23.17,23.33,35596800
528,2022-05-11,ITUB4,ITAUUNIBANCO,23.38,24.22,23.37,24.11,56707700
529,2022-05-12,ITUB4,ITAUUNIBANCO,23.93,24.67,23.93,24.49,54505100
530,2022-05-13,ITUB4,ITAUUNIBANCO,24.69,24.92,24.5,24.78,26232500
531,2022-05-16,ITUB4,ITAUUNIBANCO,24.85,25.31,24.62,25.04,27307700
532,2022-05-17,ITUB4,ITAUUNIBANCO,25.36,25.62,25.21,25.26,27319700
533,2022-05-18,ITUB4,ITAUUNIBANCO,25.18,25.37,24.84,24.9,38034400
534,2022-05-19,ITUB4,ITAUUNIBANCO,24.92,25.13,24.69,24.82,22627000
535,2022-05-20,ITUB4,ITAUUNIBANCO,25.09,25.23,24.85,25.13,38015900
536,2022-05-23,ITUB4,ITAUUNIBANCO,25.29,26,25.28,25.78,38506300
537,2022-05-24,ITUB4,ITAUUNIBANCO,25.68,26.3,25.55,26.17,39253600
538,2022-05-25,ITUB4,ITAUUNIBANCO,26.05,26.13,25.66,25.7,29016900
539,2022-05-26,ITUB4,ITAUUNIBANCO,25.73,26.17,25.72,26.02,35188200
540,2022-05-27,ITUB4,ITAUUNIBANCO,26.06,26.42,25.87,26.16,24250300
541,2022-05-30,ITUB4,ITAUUNIBANCO,26.27,26.44,25.92,25.92,17951900
542,2022-05-31,ITUB4,ITAUUNIBANCO,26.2,26.4,26.02,26.16,66207900
543,2022-06-01,ITUB4,ITAUUNIBANCO,26.29,26.32,25.78,25.78,28494800
544,2022-06-02,ITUB4,ITAUUNIBANCO,26.02,26.08,25.49,25.89,17934600
545,2022-06-03,ITUB4,ITAUUNIBANCO,25.75,25.96,25.58,25.65,19988900
546,2022-06-06,ITUB4,ITAUUNIBANCO,25.85,25.98,25.56,25.56,13328000
547,2022-06-07,ITUB4,ITAUUNIBANCO,25.47,25.69,25.37,25.56,21003200
548,2022-06-08,ITUB4,ITAUUNIBANCO,25.45,25.58,24.93,25.07,29201700
549,2022-06-09,ITUB4,ITAUUNIBANCO,25.06,25.12,24.52,24.64,38322400
550,2022-06-10,ITUB4,ITAUUNIBANCO,24.54,24.54,23.86,24.1,35480100
551,2022-06-13,ITUB4,ITAUUNIBANCO,24,24.13,23.43,23.81,33544200
552,2022-06-14,ITUB4,ITAUUNIBANCO,23.82,23.94,23.46,23.65,19980200
553,2022-06-15,ITUB4,ITAUUNIBANCO,23.92,24.15,23.61,23.75,42575800
554,2022-06-17,ITUB4,ITAUUNIBANCO,23.34,23.58,22.92,23.45,45458600
555,2022-06-20,ITUB4,ITAUUNIBANCO,23.58,24.51,23.58,24.47,44489700
556,2022-06-21,ITUB4,ITAUUNIBANCO,24.56,24.65,24.09,24.21,33166000
557,2022-06-22,ITUB4,ITAUUNIBANCO,24.27,24.32,23.82,24.03,36820800
558,2022-06-23,ITUB4,ITAUUNIBANCO,24.06,24.13,23.36,23.48,27097300
559,2022-06-24,ITUB4,ITAUUNIBANCO,23.69,23.73,23.3,23.44,26543500
560,2022-06-27,ITUB4,ITAUUNIBANCO,23.53,23.67,23.43,23.58,23202900
561,2022-06-28,ITUB4,ITAUUNIBANCO,23.73,23.84,23.02,23.32,34760000
562,2022-06-29,ITUB4,ITAUUNIBANCO,23.47,23.68,23,23.08,30692300
563,2022-06-30,ITUB4,ITAUUNIBANCO,22.82,22.88,22.53,22.67,36506900
564,2022-07-01,ITUB4,ITAUUNIBANCO,22.32,22.97,22.24,22.85,34834600
565,2022-07-04,ITUB4,ITAUUNIBANCO,22.67,22.8,22.51,22.63,8754100
566,2022-07-05,ITUB4,ITAUUNIBANCO,22.5,22.79,22.21,22.79,28623500
567,2022-07-06,ITUB4,ITAUUNIBANCO,22.61,22.87,22.35,22.58,28122900
568,2022-07-07,ITUB4,ITAUUNIBANCO,22.79,23.05,22.72,22.9,40402500
569,2022-07-08,ITUB4,ITAUUNIBANCO,23.23,23.26,22.78,22.91,22090600
570,2022-07-11,ITUB4,ITAUUNIBANCO,22.59,22.71,22.33,22.54,16545500
571,2022-07-12,ITUB4,ITAUUNIBANCO,22.53,22.71,22.11,22.49,19713600
572,2022-07-13,ITUB4,ITAUUNIBANCO,22.38,22.74,22.29,22.4,33899300
573,2022-07-14,ITUB4,ITAUUNIBANCO,22.22,22.3,21.64,22.15,48379200
574,2022-07-15,ITUB4,ITAUUNIBANCO,22.2,22.7,22.02,22.55,31121400
575,2022-07-18,ITUB4,ITAUUNIBANCO,22.68,23,22.48,22.85,20592400
576,2022-07-19,ITUB4,ITAUUNIBANCO,22.83,23.77,22.83,23.62,34974100
577,2022-07-20,ITUB4,ITAUUNIBANCO,23.5,23.66,23.24,23.32,29642300
578,2022-07-21,ITUB4,ITAUUNIBANCO,23.28,23.63,22.95,23.51,21671100
579,2022-07-22,ITUB4,ITAUUNIBANCO,23.6,23.7,23.09,23.26,22584600
580,2022-07-25,ITUB4,ITAUUNIBANCO,23.4,23.76,23.19,23.6,32174800
581,2022-07-26,ITUB4,ITAUUNIBANCO,23.63,23.9,23.32,23.47,21699100
582,2022-07-27,ITUB4,ITAUUNIBANCO,23.62,23.8,23.4,23.55,24062500
583,2022-07-28,ITUB4,ITAUUNIBANCO,23.55,23.73,23.29,23.7,23629900
584,2022-07-29,ITUB4,ITAUUNIBANCO,23.74,23.98,23.47,23.62,29583800
585,2022-08-01,ITUB4,ITAUUNIBANCO,23.85,23.85,23.24,23.47,25039300
586,2022-08-02,ITUB4,ITAUUNIBANCO,23.63,23.84,23.38,23.72,21401200
587,2022-08-03,ITUB4,ITAUUNIBANCO,23.7,23.94,23.54,23.89,20046500
588,2022-08-04,ITUB4,ITAUUNIBANCO,24.05,24.57,23.97,24.47,33908800
589,2022-08-05,ITUB4,ITAUUNIBANCO,24.49,25.13,24.23,24.93,56500800
590,2022-08-08,ITUB4,ITAUUNIBANCO,25.08,25.29,24.78,25.24,40938100
591,2022-08-09,ITUB4,ITAUUNIBANCO,26.04,26.28,25.29,25.9,103830600
592,2022-08-10,ITUB4,ITAUUNIBANCO,26.16,26.5,25.9,26.38,48570000
593,2022-08-11,ITUB4,ITAUUNIBANCO,26.63,26.78,26.33,26.42,40492400
594,2022-08-12,ITUB4,ITAUUNIBANCO,26.59,26.79,26.37,26.74,38089200
595,2022-08-15,ITUB4,ITAUUNIBANCO,26.34,27.11,26.34,26.97,36567300
596,2022-08-16,ITUB4,ITAUUNIBANCO,26.94,27.35,26.63,27.28,25689300
597,2022-08-17,ITUB4,ITAUUNIBANCO,27.08,27.48,27,27.35,25236800
598,2022-08-18,ITUB4,ITAUUNIBANCO,27.38,27.52,27.11,27.27,32701700
599,2022-08-19,ITUB4,ITAUUNIBANCO,26.8,26.9,26.37,26.64,23042100
600,2022-08-22,ITUB4,ITAUUNIBANCO,26.4,26.44,26.08,26.34,22057800
601,2022-08-23,ITUB4,ITAUUNIBANCO,26.35,26.55,26.28,26.41,14726400
602,2022-08-24,ITUB4,ITAUUNIBANCO,26.35,26.65,26.35,26.52,20211000
603,2022-08-25,ITUB4,ITAUUNIBANCO,26.61,26.87,26.53,26.85,27574800
604,2022-08-26,ITUB4,ITAUUNIBANCO,26.9,27.14,26.56,26.69,25106400
605,2022-08-29,ITUB4,ITAUUNIBANCO,26.54,26.78,26.32,26.6,18774300
606,2022-08-30,ITUB4,ITAUUNIBANCO,26.71,26.9,26.39,26.48,30392100
607,2022-08-31,ITUB4,ITAUUNIBANCO,26.66,26.66,25.81,25.81,49870100
608,2022-09-01,ITUB4,ITAUUNIBANCO,26.06,26.21,25.54,26.19,48533300
609,2022-09-02,ITUB4,ITAUUNIBANCO,26.35,26.76,26.33,26.55,46714900
610,2022-09-05,ITUB4,ITAUUNIBANCO,26.64,27.23,26.6,26.98,24748200
611,2022-09-06,ITUB4,ITAUUNIBANCO,26.7,27.02,26.55,26.73,53122400